{
  "nfb": {
    "individualFrequency": 9.73095989227295,
    "individualPeakFrequency": 10.600000381469727,
    "lowerFrequency": 7.0,
    "upperFrequency": 13.0
  },
  "prod_baselines": {
    "timestampMilli": 1774265932239,
    "gravity": 0.3008091449737549,
    "productivity": 0.3008091449737549,
    "fatigue": 2.742170572280884,
    "reverseFatigue": 0.3651207983493805,
    "relaxation": 1.3087639808654785,
    "concentration": 0.7659167647361755
  },
  "phy_baselines": {
    "timestampMilli": 0,
    "alpha": 0.2451687902212143,
    "beta": 0.18408428132534027,
    "alphaGravity": 0.3734361529350281,
    "betaGravity": 0.1932039111852646,
    "concentration": 0.731802225112915
  }
}